<?xml version="1.0" encoding="utf-8"?>
<odoo>
    <record id="paperformat_tax_invoice" model="report.paperformat">
        <field name="name">Tax Invoice</field>
        <field name="default" eval="True"/>
        <field name="format">custom</field>
        <field name="page_height">80</field>
        <field name="page_width">175</field>
        <field name="orientation">Portrait</field>
        <field name="margin_top">10</field>
        <field name="margin_bottom">10</field>
        <field name="margin_left">5</field>
        <field name="margin_right">5</field>
        <field name="header_line" eval="False" />
        <field name="header_spacing">3</field>
        <field name="dpi"></field>
    </record>

    
</odoo>